model,accuracy,macro_f1,weighted_f1
Logistic Regression (baseline),0.49364936493649364,0.3571701931603412,0.5540382659883815
Random Forest (tuned),0.5817581758175817,0.40979553079692743,0.6219189143659831
