model,r2,rmse,mae,mapped_accuracy
Linear Regression (baseline),0.059259850148418725,0.5509123268176338,0.42465419961460177,0.7384738473847384
Random Forest Regressor (tuned),0.08690388408947924,0.5427575805020688,0.4159497015351233,0.737973797379738
