{
  "task": "regression",
  "train_rows": 39995,
  "test_rows": 9999,
  "score_map": {
    "Poor": 0,
    "Fair": 1,
    "Good": 2
  },
  "class_distribution_full": {
    "Good": 37779,
    "Fair": 9403,
    "Poor": 2812
  },
  "cv_best_r2": 0.08178595932618489,
  "tuning_results": [
    {
      "params": {
        "max_depth": 10,
        "max_features": "sqrt",
        "min_samples_leaf": 2,
        "n_estimators": 150
      },
      "mean_test_r2": 0.07806834444249915,
      "std_test_r2": 0.003461232208667399
    },
    {
      "params": {
        "max_depth": 10,
        "max_features": "sqrt",
        "min_samples_leaf": 5,
        "n_estimators": 150
      },
      "mean_test_r2": 0.07520269692653166,
      "std_test_r2": 0.002599642727760061
    },
    {
      "params": {
        "max_depth": 16,
        "max_features": "sqrt",
        "min_samples_leaf": 2,
        "n_estimators": 150
      },
      "mean_test_r2": 0.07794975257694385,
      "std_test_r2": 0.006469571966385887
    },
    {
      "params": {
        "max_depth": 16,
        "max_features": "sqrt",
        "min_samples_leaf": 5,
        "n_estimators": 150
      },
      "mean_test_r2": 0.08178595932618489,
      "std_test_r2": 0.004310453729600214
    }
  ],
  "linear_regression": {
    "name": "Linear Regression (baseline)",
    "r2": 0.059259850148418725,
    "rmse": 0.5509123268176338,
    "mae": 0.42465419961460177,
    "mapped_accuracy": 0.7384738473847384,
    "mapped_macro_f1": 0.35268955610946867,
    "mapped_confusion": [
      [
        7099,
        457,
        0
      ],
      [
        1596,
        285,
        0
      ],
      [
        431,
        131,
        0
      ]
    ]
  },
  "random_forest_regressor": {
    "name": "Random Forest Regressor (tuned, improved)",
    "r2": 0.08690388408947924,
    "rmse": 0.5427575805020688,
    "mae": 0.4159497015351233,
    "mapped_accuracy": 0.737973797379738,
    "mapped_macro_f1": 0.36243488048902495,
    "mapped_confusion": [
      [
        7036,
        520,
        0
      ],
      [
        1538,
        343,
        0
      ],
      [
        398,
        164,
        0
      ]
    ]
  }
}